{
  "name": "مطعم مصطفى",
  "short_name": "Mustafa Resto",
  "start_url": "/",
  "display": "standalone",
  "background_color": "#ffffff",
  "theme_color": "#ea580c",
  "description": "Menu officiel du restaurant Mustafa - Official Menu",
  "icons": [
    {
      "src": "https://cdn-icons-png.flaticon.com/512/1046/1046784.png",
      "sizes": "192x192",
      "type": "image/png"
    },
    {
      "src": "https://cdn-icons-png.flaticon.com/512/1046/1046784.png",
      "sizes": "512x512",
      "type": "image/png"
    }
  ],
  "requestFramePermissions": []
}